index,0
और,255
के,213
है।,165
में,164
का,156
यह,152
है,152
की,150
एक,131
से,100
नहीं,84
भी,82
मैं,81
क्या,78
हैं।,72
बहुत,71
जिला,69
पर,68
वह,63
|,61
-,58
.,57
ये,56
हैं,56
मुझे,55
कि,54
"है,",53
को,53
हो,52
है.,51
हिन्दी,51
:,49
हम,49
तो,49
है?,48
जो,45
"में,",38
?,36
साहित्य,34
जीवन,34
आप,33
हैं.,33
हूँ।,32
इस,32
था,32
बाहरी,31
भारत,31
देखें,30
।,29
वो,29
मेरी,26
मेरा,26
उसने,24
क्या?,23
खाना,23
मेरे,23
पोजीशन,23
धर्म,22
ही,22
ने,22
तुम,21
"हैं,",21
पुराण,21
इतिहास,21
कुछ,21
हैं?,20
लेकिन,20
उसे,20
कड़ियाँ,20
भारतीय,20
या,20
पास,19
रहे,19
मैंने,19
मत,19
करना,18
सरकार,18
अब,18
समाचार,18
सकते,17
),17
संदर्भ,17
कर,17
इन्हें,16
कहाँ,16
राज्य,16
अपने,16
कोई,16
किया,16
करते,16
काम,16
लोग,16
कैसे,16
संस्कृत,16
यहाँ,15
गया,15
हिंदी,15
श्रेणी:हिन्दी,15
नाम,15
जब,15
",",15
उनकी,14
हर,14
सौर,14
अपनी,14
उन्होंने,14
बात,14
रहा,14
लिए,14
साल,14
कम,14
होता,14
"की,",13
विश्वविद्यालय,13
आ,13
हमारे,13
गूगल,13
वे,13
परिवर्तन,13
में।,12
देश,12
साथ,12
आज,12
एवं,12
हूँ,12
दिन,12
क्रिकेट,12
उसकी,12
तक,12
श्रेणी:भारत,12
प्रदेश,11
था।,11
जैसे,11
आधुनिक,11
मुख्य,11
हमें,11
उन्हें,11
परिचय,11
फिर,11
शायद,11
अच्छा,11
बस,11
कल,11
आतंकवाद,11
सकता,11
पहले,11
प्रभाव,11
कारण,10
वाह्य,10
दो,10
रामायण,10
राष्ट्रीय,10
ऐसा,10
में),10
अच्छे,10
भाषा,10
काल,10
रही,10
महादेवी,10
आपका,10
फोन,10
नेपाल,10
उनके,10
समय,10
थी,10
स्थल,10
करने,10
सूत्र,10
दुनिया,10
वैदिक,10
प्रकार,10
भाग,10
लिए.,10
विशेष,10
गया।,9
संकलक,9
उस,9
राजस्थान,9
करता,9
बच्चे,9
न्यूज,9
ठीक,9
यही,9
पता,9
टाइम्स,9
दैनिक,9
सभी,9
किताब,9
विचार,9
अकबर,9
आपके,9
होने,9
हुआ,9
सन्दर्भ,9
श्रेणी:हिन्दू,9
कभी,9
उसका,9
हमने,9
सबसे,9
चीन,9
हुए,9
तथा,9
क़ुरान,9
कहानी,9
उसके,9
क्योंकि,9
थे,9
मोबाइल,9
आर्थिक,9
इसके,8
थे.,8
जानकारी,8
अंतर्राष्ट्रीय,8
देखा,8
!,8
पृष्ठ,8
पसंद,8
उत्तर,8
सामाजिक,8
संगीत,8
अगर,8
असाधारण,8
श्रेणी:धर्मग्रन्थ,8
सूरदास,8
पाकिस्तान,8
प्रमुख,8
इसका,8
मीडिया,8
हमारा,8
आपको,8
राष्ट्रपति,8
अपना,8
होगा।,8
तुम्हारी,8
इस्लाम,8
वाले,8
अमेरिका,8
सही,8
करो।,8
सब,8
शिक्षा,8
प्रधानमंत्री,8
परिणाम,8
पुरस्कार,8
गद्यकार,8
संविधान,8
बिलकुल,7
रेडियो,7
लिये।,7
(,7
अभी,7
तरह,7
वैज्ञानिक,7
"कहा,",7
अन्य,7
रूप,7
संयुक्त,7
वहाँ,7
विश्वास,7
हुई,7
अलग,7
महाभारत,7
संस्कृति,7
किया।,7
यूनिकोड,7
फीड,7
भूगोल,7
चला,7
हो।,7
तुम्हें,7
जैसा,7
आलोचना,7
है!,7
हमारी,7
"पहले,",7
"हुए,",7
बाद,7
बारे,7
ज्ञान,7
कवि,7
जहाँ,7
घर,7
धार्मिक,7
विकास,7
"थे,",7
धन्यवाद।,7
उनका,7
वायु,7
जाता,7
सूची,7
(हिन्दी,7
गई।,7
बड़ा,7
मे,7
जागरण,7
ः,7
वही,6
देख,6
था.,6
बंद,6
अंतरिक्ष,6
सिर्फ,6
"लिए,",6
वर्मा,6
आईएमई,6
पदक,6
है|,6
प्रक्रिया,6
कथा,6
कबीर,6
बार,6
ब्रह्म,6
अंग्रेज़ी,6
जाओ।,6
आत्मा,6
जाते,6
ताजमहल,6
बन,6
"से,",6
असल,6
शहर,6
सम्बन्ध,6
कहते,6
मगर,6
जवाब,6
तुम्हारे,6
प्रसाद,6
हस्तमैथुन,6
सम्मानित,6
द्वारा,6
सामग्री,6
करती,6
श्रेणी:देश,6
से.,6
बाहर,6
बंगाल,6
श्रेणी:पश्चिम,6
पैसे,6
श्रेणी:स्मृति,6
मुश्किल,6
नई,6
प्रेमचंद,6
तुमसे,6
"था,",6
ऐसी,6
मूल,6
शक्ति,6
किताबें,6
खोज,6
जाना,6
विज्ञान,6
दो।,6
होती,6
राजनैतिक,6
कितना,6
हो?,6
जगह,6
मिशनरी,6
नदियाँ,6
वापस,6
ध्यान,6
है:,6
(फॉण्ट),6
जारी,6
मानव,6
सेवा,6
इतना,6
फ़िर,6
फ़ोन,6
राजनीतिक,6
इसे,6
इसमें,6
मकबरा,6
मुझसे,6
हिन्दू,6
नहीं।,6
भगवान,6
चाहिए,6
विश्व,6
बनाए,5
मैथुन,5
दक्षिण,5
केवल,5
हिन्दी-उर्दू,5
जल्दी,5
नवभारत,5
स्थानीय,5
श्रेणी:नोबेल,5
जयशंकर,5
न,5
"तो,",5
देखने,5
किसी,5
आधारित,5
ऐक्य,5
अधिक,5
स्वामी,5
इसकी,5
संग्रह,5
श्रेणी:भारतीय,5
पर्यटन,5
संबंध,5
हाँ,5
५,5
तख्ती,5
लगी,5
नहीं.,5
उद्गम,5
वैश्विक,5
"पर,",5
उपयोग,5
१०,5
सम्पादक,5
चीनी,5
उन,5
कुत्ता,5
उपकरण,5
द्वार,5
उपर,5
पंजाबी,5
क्यों,5
विभाजन,5
लाख,5
ऐसे,5
सच,5
चार,5
कई,5
020,5
हिंदु,5
वीडियो,5
दीपावली,5
नदी,5
श्रेणी:पुराण,5
समस्या,5
बुद्ध,5
मुद्रा,5
अक्स,5
मस्जिद,5
आपने,5
कुर्सी,5
२००१,5
भक्ति,5
काफी,5
पूरे,5
दर्शनीय,5
लोकसभा,5
ईश्वर,5
नासा,5
उल्टी,5
संक्षिप्त,5
मिनट,5
थी.,5
श्रेणी:उत्तर,5
गाड़ी,5
भूख,5
याद,5
पीछे,5
श्रेणी:स्वतंत्रता,5
सेनानी,5
श्रेणी:व्यक्तिगत,5
डॉलर,5
खबर,5
भाषाएँ,5
स्वर्ण,5
विशेषताएँ,5
परिषद,5
लिंक्स,5
शामिल,5
लगभग,5
में.,5
वास्तुकला,5
दोस्त,5
दूसरी,5
(1961),5
आया,5
बनाया,5
"देखिये,",5
धन्यवाद,5
पंजाब,5
स्वर,5
तुमने,5
महत्त्व,5
थक,5
कहीं,5
फतेहपुर,5
ज्यादा,5
टिप्पणी,5
शब्द,5
होते,5
चलता,5
अंत,5
कहा,4
त्यौहार,4
किंगडम,4
कृतिदेव,4
गीता,4
मै,4
सर्वोच्च,4
सम्मान,4
न्यायालय,4
सीख,4
सौ,4
(यूनिकोडित),4
प्राप्त,4
चुका,4
टेलीफोन,4
(तालियाँ),4
वातावरण,4
डॉक्टर,4
श्रेणी:बंगाल,4
भूल,4
थी।,4
श्री,4
कमियां,4
२००८,4
टीका-टिप्पणी,4
लिया,4
खुश,4
व्यक्ति,4
एक्ट,4
मतलब,4
लाभ,4
टॉम,4
हैं:,4
अनुभव,4
वास्तव,4
कुल,4
पृष्ठभूमि,4
परिवार,4
(पुराने,4
तुलसीदास,4
जालस्थल,4
0114,4
प्यार,4
अक्सर,4
हाल,4
बुरी,4
रवीन्द्र,4
दीजिए।,4
हमेशा,4
श्रेणी:दिल्ली,4
यहां,4
हिन्दुस्थान,4
पर।,4
मुस्लिम,4
व्यक्तिगत,4
प्रतिशत,4
बदलाव,4
रात,4
पत्र,4
इन,4
मस्तिष्क,4
प्राचीन,4
मौसम,4
श्रेणी:महाभारत,4
चरण,4
बिल,4
संख्या,4
पिता,4
रचनाएँ,4
कविताकोश,4
पापा,4
पत्रिका,4
चाहते,4
चाहिए।,4
विक्षनरी,4
यूनाइटेड,4
ऊपर,4
पहुँच,4
संभव,4
साइट,4
संसद,4
श्रेणी:देवी-देवता,4
जर्मनी,4
सांस्कृतिक,4
पाकिस्तानी,4
उससे,4
कनफेडरेशन,4
तब,4
लगते,4
पैदा,4
स्थापना,4
1.,4
होना,4
मदद,4
पात्र,4
देखा।,4
तस्वीर,4
सीमित,4
"थी,",4
हंसी,4
सारे,4
इससे,4
लिपि,4
नीचे,4
भारती,4
सोच,4
होगा,4
बरेली,4
कितने,4
इस्लामी,4
न्यायपालिका,4
कंप्यूटर,4
प्रणाली,4
की.,4
(1967),4
तीन,4
कौन,4
पुस्तकें,4
आवरण,4
पूर्व,4
अनुपम,4
आगरा,4
पहली,4
भरा,4
सिद्धांत,4
फिश,4
वेद-विद्या_डॉट_कॉम,4
स्वतंत्रता,4
बज,4
टीचर,4
आगे,4
बड़ी,4
संदेश,4
समझ,4
छोटी,4
आरण्यक,4
गए,4
हार,4
संघ,4
राम,4
संबंधी,4
हस्ताक्षर,4
पिछले,4
अध्यापक,4
काव्य,4
अच्छी,4
चमत्कार,4
केरोलाइना,4
चलते,4
आधारभूत,4
विकसित,4
आवाज,4
मेरठ,4
आंध्र,4
राय,4
हां,4
विशिष्ट,4
हो!,4
नगर,4
जन्मदिन,3
विविध,3
कला,3
सच्चाई,3
तेंडुलकर,3
शिकार,3
शरियत,3
बेबीलोन्,3
श्रेणी:विज्ञान,3
(आनलाइन),3
उदाहरण,3
==,3
धन,3
बना,3
मुफ़्त,3
पैर,3
कार्य,3
"गई,",3
रंग,3
श्रेणी:संगणक,3
अंग्रेजी-हिन्दी,3
नियम,3
दूत,3
शब्दकोश.कॉम,3
शुरुआत,3
श्रेणी:अंतरजाल,3
नार्थ,3
I,3
अतः,3
दिया।,3
बोस्टन,3
मतभेद,3
कूर्म,3
लड़की,3
अविश्वास,3
समझने,3
फॉण्ट,3
15,3
मॉडल,3
विकिपीडिया,3
जलवायु,3
ट्रान्सलिटरेशन,3
जीवनी,3
(1932),3
जाती,3
समझना,3
श्रेणी:सॉफ्टवेयर,3
अवधि,3
259,3
बच्चा,3
हजारों,3
व्यावसायिक,3
सोपान,3
पता।,3
हिन्दुस्तान,3
शानदार,3
पृथ्वी,3
हैंडसेट,3
बम,3
(पंजाबी,3
पटियाला),3
तेरा,3
पुख्त,3
शुरु,3
(१५३२-१६०२),3
इसलिए,3
प्राकृतिक,3
जाने,3
शान्तिनिकेतन,3
दम,3
ो==,3
"क्योंकि,",3
थुपका,3
कृपया,3
Err:509,3
राजनीति,3
उसी,3
यात्रा,3
श्रेणी:उत्तराखण्ड,3
अपमानजनक,3
कोक,3
ऑस्ट्रेलिया,3
आपकी,3
सूरा,3
चालू,3
अरबी,3
चौथा,3
कामचलाऊ,3
चुनाव,3
जितना,3
लम्बा,3
लोक,3
वेदों,3
श्रेणी:नेपाल,3
शताब्दी,3
भाषाओं,3
कीजिए।,3
जरुरत,3
श्रेणी:जीव,3
२,3
जाल,3
सूरसारावली,3
श्रेणी:मुगल,3
बच्चन,3
केन्द्रशासित,3
रास्ता,3
कैफेहिन्दी,3
छोटे,3
५०,3
तथ्य,3
समूह,3
गए।,3
सारा,3
गाते,3
पंछी,3
कालरेडो,3
बढ़,3
ओबामा,3
रूस,3
वाशिंगटन,3
देखना,3
अगला,3
स्वतन्त्र,3
फैक्स,3
ग्रन्थसूची,3
चिंता,3
गरम,3
ब्लाग),3
विवेक,3
श्रेणी:गौतम,3
यूरोप,3
तत्कालीन,3
चाँदी,3
समाप्त,3
नाटककार,3
प्रौद्योगिकी,3
लगाव,3
मिट्टी,3
भी.,3
कहां,3
टीवी,3
सीकरी,3
प्रतिमान,3
(1948),3
कहता,3
उन्नयन,3
(Aks)(,3
महिला,3
बलिया,3
सुन्दर,3
आदमी,3
"बीच,",3
अभियान,3
यदि,3
2.,3
सकते।,3
फूल,3
क्रांति,3
अंदर,3
राज,3
कड़ियां,3
तू,3
बच्चों,3
अध्यादेश,3
|भाष्,3
आता,3
साहित्यकार,3
प्रयुक्त,3
वैवाहिक,3
क्रांतिकारी,3
देखिये,3
महान,3
वाचान्तर-राजभाषा,3
बाग,3
OCR,3
वैकल्पिक,3
सीमांतीय,3
थे।,3
नोट,3
स्थिति,3
ओर,3
"नहीं,",3
सर्दी,3
दूर,3
उल्लेख,3
राजशाही,3
नेपाली,3
केसरी,3
"द्वारा,",3
(अ-यूनिकोडित),3
अंतरजाल,3
चलो,3
चल,3
लड़कियां,3
गुणवत्ता,3
राहें,3
सिखलाई,3
हैं|,3
संसाधन,3
माँ,3
पाठ,3
हुआ।,3
श्रेणी:इस्लाम,3
कश्मीरी,3
अर्थव्यवस्था,3
की।,3
सेवाएँ,3
स्वास्थ्य,3
अप्रैल,3
हाथ,3
बाँध,3
उदय,3
विधायिका,3
साउथ,3
वाक्य,3
प्रस्तावना,3
करूँगा।,3
आमदनी,3
खास,3
छोटा,3
',3
फेडरेशन,3
ताइवान,3
मुख्यालय,3
(1937),3
मधुकलश,3
नये,3
डा,3
प्रशासनिक,3
तीस,3
संपादक,3
इण्डिक,3
लोगों,3
उड़,3
प्रदीप,3
2002,3
उनसे,3
वेबवार्ता,3
बिना,3
रही।,3
उत्सर्जन,3
लगे,3
"कि,",3
क्षेत्र:,3
सकती,3
पढ़,3
रोग,3
श्रेणी:क्षमल,3
मंदिर,3
श्रेणी:महादेवी,3
तुलना,3
गठन,3
कुमार,3
याज्ञिक,3
विस्तार,3
प्रकृति,3
बदल,3
ले,3
आधिकारिक,3
श्रेणी:संस्कृत,3
पुरुष,3
फ़िल्म),3
फिल्म,3
सत्र,3
श्रेणियाँ,3
मंत्रियों,3
करें,3
जैसलमेर,3
प्रेस,3
दृष्टिः,3
(3.4%)।,3
श्रेणी:राजनीति,3
क्र,3
ब्यूरोक्रैट,3
एं:,3
इलाहाबाद,3
प्रदूषकों,3
द्वितीयक,3
फोटो,3
जानते,3
दूसरा,3
भाग्य,3
विदेश,3
पाँच,3
न्यू,3
बलोची,3
सामान्य,3
कांग्रेस,3
चित्र,3
श्रेणी:आगरा,3
अध्यक्षपद,3
तर्क,3
देखिए,3
कडियाँ,3
ग्रामीण,3
कौनसी,3
प्रश्न,3
तकनीक,3
पहला,3
मायने,3
धन्यवाद.,3
भौगोलिक,3
नक्शा,3
इस्तेमाल,3
"गया,",3
जिसे,3
राजधानी,3
डर,3
विशालता,3
बनाती,3
आँखें,3
महाभारत:,3
कार्यक्रम,3
दरवाज़े,3
बीते,3
मज़े,3
संबंधित,3
(अनुभूति),3
इच्छा,3
ऊर्जा,3
चुके,3
शुरू,3
मशीन,3
आखिर,3
ठेलेप्होने,3
शाखा,3
परिवर्तक,3
कैसा,3
गुजराती,3
संक्रमित,3
गया.,3
दस,3
धन्यवाद्।,3
सर्वाधिक,3
एकीकरण,3
तुम्हारा,3
शोध,3
जन्मांध,3
श्रेणी:राष्ट्र्मंडल,3
आराम,3
प्रचलित,3
उसको,3
वर्षा,3
काफ़ी,3
समस्याओं,3
पूरी,3
कुरान,3
श्रेणी:व्यक्तित्व,3
एग्रीगेटर्स,3
क्षेत्र,3
नल-दमयन्ती,3
सुरक्षा,3
फाण्ट,3
किष्किन्धाकाण्ड,3
ताररहित,3
कब,3
देवरिया,3
फोन),3
श्रेणी:Fear,3
लगा,3
ओवर,3
टीका,3
(वहनीय,3
याहू,3
भला,3
अचानक,3
४,3
3.पोटा,3
घड़ी,3
२००७,3
लीग,2
निधि,2
जिसमें,2
पश्चिम,2
युद्ध,2
द्वारका,2
हिमाल,2
खवर,2
चिंतित,2
पचास,2
अल्फा,2
तनावपूर्ण,2
(1958),2
विद्युत,2
गयी।,2
अर्जुन,2
आर्कन्सा,2
संग्रहालय,2
बनाने,2
कार,2
मनुष्य,2
भागते,2
रहित,2
अलीगढ़,2
स्वचालित,2
खेरी,2
पोर्टल,2
सम्पूर्ण,2
मंगल,2
उम्र,2
परब्रह्म,2
साधारण,2
ऐतिहासिक,2
बनने,2
इ-पत्र,2
रामपुर,2
कृष्ण-काव्य-धारा,2
नौ,2
उपकरणः,2
साफ्टवेयर,2
विशाल,2
कदम,2
गुम्बद,2
हिंसक,2
प्रतिक्रिया,2
नव,2
आऊँगा।,2
नियंत्रण,2
रेखाचित्र,2
Err:510,2
थी|,2
कलायें,2
पृथक्करण,2
ताल्लुक,2
(हँसी),2
लखिमपुर,2
सालों,2
संत,2
परंपरा,2
श्रेणी:ब्लॉग,2
श्रेणी:वेद,2
डाकटिकटthumb|,2
कीजिये,2
जाएगी,2
नही,2
सतर्क,2
पीढ़ी,2
है),2
प्रभासाक्षी,2
इनसान,2
पुरुषों,2
बत्ती,2
अग्रगामी,2
पठन,2
वैचारिक.,2
अ,2
रियली,2
सिंपल,2
सिंडिकेशन,2
आंकड़े,2
गुगल,2
अमेरिकी,2
सयंत्र,2
विकि,2
छोड़ो।,2
दलित,2
विरोधी,2
वोह,2
प्रदूषण,2
खराब,2
लो.,2
जिला),2
टिहरी,2
टूटी,2
संरचना,2
बार।,2
परिभाषित,2
निर्वाण,2
डेकोटा,2
संतुलन,2
इन्द्रप्रस्थ,2
चेतना,2
वर्ष,2
बनाता,2
व्यवस्था,2
मुझफ्फरनगर,2
पुरानी,2
ठंडा,2
सुर्ख़ियाँ,2
कडि़याँ,2
तक.,2
नहर-ए-बहिश्त,2
Writer,2
चलाते,2
व्यक्तित्व,2
बातचीत,2
खादी,2
विश्लेषण,2
स्तम्भ,2
मोली,2
एल्गोरिथ्म,2
don't,2
कर्तव्य,2
क्युंकि,2
नमकीन,2
था?,2
दूसरे,2
"करें,",2
आधार,2
सुरक्षित,2
"का,",2
रचनाधर्मी,2
क़्यों,2
अफ्रीका,2
स्कूल,2
टन,2
धीरे-धीरे,2
गोल,2
लो।,2
बिल्ली,2
शिक्षक,2
ऑनलाइन,2
अवधी,2
मेधा,2
रखता,2
महान्यायवादी,2
करनी,2
दसियों,2
ञद्,2
लगा।,2
जोश,2
खरीदी।,2
सिखा,2
हमे,2
भर,2
पदार्थ,2
रिश्तों,2
भूषण,2
52,2
थे?,2
खो,2
उत्पन्न,2
महा,2
सोनभद्र,2
बेहतरीन,2
जमशेदपुर,2
हफ़्ते,2
भविष्य,2
सीता,2
२००५,2
देवनागरी,2
भागवत,2
विवाह,2
सचिन,2
गीताभाष्य,2
आदि,2
शंकराचार्य,2
नाराज़,2
खड़ी,2
त्रिभंगिमा,2
होता।,2
कभी-कभी,2
आरम्भ,2
इजिप्त,2
अभिवादन,2
सहित,2
घुसाना,2
तालियों,2
मोती,2
घुसादो।,2
एक्सप्रेस,2
उभयहस्त,2
(वेबदुनिया),2
पिता।,2
घुड़सवार,2
मार्च,2
अश्व्थामा,2
1949,2
उलझाऊ,2
7296,2
अग्रकय,2
भक्त,2
बीरबल,2
खेल,2
जिहाद,2
मॉनिटर,2
उच्च,2
बेरोजगारी,2
अंगरक्षक,2
जनहित,2
याचिकाएँ,2
ईश्भ्ण्,2
जुड़ी,2
खोलो।,2
श्रेणी:इलाहाबाद,2
रोचक,2
दे,2
काट,2
ली।,2
वेब,2
दीजिए,2
उठाने,2
"दिन,",2
सेवाओं,2
आया।,2
01481,2
साँस,2
कम्प्यूटिंग,2
व्यापार,2
सार्वजनिक,2
पांच,2
प्रकाश,2
कार्टूनों,2
भावी,2
मोटर,2
जाओ,2
पालन-पोषण,2
अलंकरण,2
श्रेणी:वैदिक,2
हिंदीतर,2
ओथेलो(1959),2
वृन्दावन,2
तस्वीरे,2
वैज्ञानिकों,2
फ़ेसबुक,2
जा,2
रामकाव्य,2
(1939),2
एकांत,2
11,2
एकीकृत,2
तपेदिक,2
कवियों,2
उज्जैन,2
जिन्होंने,2
वोल्टायिक,2
कर्मकाण्ड,2
मज़ाक,2
सोआमी,2
इंटरनेट,2
ताकतवर,2
ग़लती,2
हजार,2
एनोटेशन,2
नौकरी,2
वर्गीकरण,2
प्रेरित,2
(रविवार),2
ब्लॉक,2
हरीपुरा,2
मिल,2
मुरादाबाद,2
शब्दकोष,2
(1969),2
गेंदबाजी,2
कोण,2
उद्यमी,2
स्तंभन,2
सूरदास(हिंदीकुंज,2
निम्नलिखित,2
खड़े,2
पारी,2
वर्णन,2
हिमालय,2
आसपास,2
एनी-की,2
(हिंदीकुंज,2
बढ़िया,2
सम्यक,2
जिसकी,2
"सामाजिक,",2
समुद्र,2
नगरमहापालिका,2
अरुम,2
TED,2
लड़के,2
सन,2
क्षमत,2
बृहन्मुंबई,2
रवीन्द्रनाथ,2
चूरमा,2
लाल,2
वेबसाइट,2
होगा?,2
हालत,2
विधि,2
कौशम्बी,2
तट,2
चीज़े,2
सिन्ध,2
कैरियर,2
चलचित्र,2
साहित्यिक,2
किसने,2
दृष्टि,2
साप्ताहिक,2
अमृतसर,2
बोलो।,2
बनाई,2
समझता,2
हैं-,2
दिया?,2
इनका,2
वर्डन्यूज,2
लंकाकाण्ड,2
"देखा,",2
शब्दकोश:,2
बाराबंकी,2
सहारा,2
उम्मीद,2
भूमि,2
प्रकरण,2
नीतियां,2
श्रेणी:सूचना,2
वजन,2
बहराइच,2
दुश्मन,2
पुस्तक,2
जाओ!,2
मिस्र,2
महीने,2
प्रयोग,2
कश्मीर,2
उसमें,2
दर्द,2
नींद,2
उद्देश्य,2
छुपी,2
अकबरनामा,2
ब्रज,2
महाकाव्य,2
"ही,",2
समुदाय,2
निवेशक,2
विकि-शब्दकोश,2
सकती।,2
श्रेणी:बांग्ला,2
शब्दों,2
ज़रिये,2
स्वाभाविक,2
बजे,2
रासलीला,2
देखें।,2
गंगा,2
उपाय,2
पिच,2
विकेट,2
क्रीज़,2
इंदौर,2
प्रेम,2
"तरह,",2
श्रेणी:विकिपीडिया,2
लोकतंत्र,2
नया,2
रहते,2
जम्मू,2
"लेकिन,",2
ज़मीन,2
पहुँचे।,2
मुंबई,2
चित्र:मोटा,2
(1977),2
यूट्यूबपर,2
बाह्य,2
हुए।,2
दोक्रा।,2
मनन,2
मैदान,2
काण्व-शाखा।,2
ना,2
अतिरिक्त,2
अपलोड,2
हुआ.,2
बल्कि,2
नीति,2
प्रभात,2
जेल,2
अद्भुत,2
विधिक,2
सत्य,2
इमारतें,2
गद्य,2
संभावित,2
वर्षों,2
टूलबार,2
ढंग,2
संस्कृतटूल्स,2
बैठ,2
पुरूष,2
मध्य-पूर्व,2
श्रेणी:धार्मिक,2
पायेंगे,2
बसेरे,2
सुनना,2
अलास्का,2
दया,2
चली,2
...क्रिस्टॉफर,2
कार्पोरेशन,2
ब्राडकास्टिंग,2
मराठी,2
वयस्क,2
भाषण,2
विवेकानन्द,2
यज्ञ,2
घटनाएँ,2
दर्शक,2
(आनलइन),2
यूट्यूब,2
बेली,2
टिम,2
लिप्यंतरण,2
दिसेंफ्रंचिसेमेंट,2
वाला,2
किसकी,2
दोनो,2
हुमायुं,2
विकासशील,2
मौजूद,2
देशों,2
सामान,2
हों.,2
"कर,",2
जादू,2
छात्र,2
फट,2
बचपन,2
"बार,",2
श्रेणी:धर्म,2
प्रारूप,2
..,2
हार्पर,2
शासन,2
अप्पम,2
नामोत्पत्ति,2
"साथ,",2
अम्ल,2
२००३,2
सुनियेः,2
माध्यम,2
चुनाव|,2
लगती,2
खतम,2
:महाभारत,2
पुराने,2
जनसांख्यिकी,2
मुजफ्फरपुर,2
१९२०,2
चीज़ों,2
तैरना,2
डेस्कटॉप,2
जाँचकर्ता,2
अनुप्रयोग,2
आरंभिक,2
(आईसीसी),2
एल,2
(ठ्हाके),2
वर्तनी,2
ग्वालियर,2
"को,",2
ब्याहलो,2
वास्तविक,2
श्रेणी:पर्यटन,2
रोबोट,2
आवाज़),2
हुआ?,2
कठिन,2
इसलिये,2
दिमाग,2
हीरो,2
संवाद,2
पाक,2
बडी,2
कितनी,2
गाजीपुर,2
लुम्वीनी,2
तीसरा,2
कैसी,2
मानसिक,2
जी,2
"विकलांग,",2
टेंगा,2
इकाई,2
इसने,2
मैसूर,2
दर्जन,2
१९६५,2
स्वरूप,2
सहायक,2
श्रेणी:गूगल,2
आपसे,2
श्रेणी:फ़र्रुखाबाद,2
जालंधर,2
घोसले,2
(युद्धकाण्ड),2
छः,2
मन,2
आने,2
रामचरित,2
(1964),2
साथ.,2
आयडाहो,2
मुबारक,2
श्रेणी:परमाणु,2
देखिये.,2
खुशी,2
गुणा,2
युवा,2
पुटीय,2
तंतुमयता,2
सम्मेलन,2
सीखना,2
कार्यालय,2
निजी,2
पूर्वी,2
0845,2
हरिवंश,2
हुए),2
तालियाँ,2
दल,2
"करना,",2
यकीन,2
२१२,2
सम्पादित्र,2
अभिलेख,2
१३,2
वी,2
में?,2
कमी,2
ज़नाना,2
विद्यार्थी,2
दरवाज़ा,2
(हँसते,2
जनसांख्यिकीय,2
पर्यावरणीय,2
महत्व,2
हार्वर्ड,2
सूरत,2
अवसर,2
(ऑनलाइन),2
कैमरा,2
शब्दावली,2
हिस्सा,2
वरण,2
बजाय,2
जंबुद्वीप,2
5.कितना,2
बहुमत,2
गैलीलियो,2
पिताजी,2
आंबट,2
मारिशस,2
तरफ,2
(मिठाई),2
रणनीति,2
बिहार-झारखंड,2
नमूनों,2
निराश,2
कथाएं,2
गणेश,2
"के,",2
जानें,2
[कार्यवाहक],2
नवीकरणीय,2
निष्ठा,2
अजर-अमर,2
14.,2
रुप,2
लग,2
विराट,2
प्रोटेम,2
मह्त्व,2
राष्ट्रपतियों,2
सिम,2
सभा,2
श्रीकृष्ण,2
(44.7%),2
श्रेणी:साहित्य,2
कार्ड,2
"अब,",2
कवयित्रियाँ,2
संस्करण,2
सुंदर,2
परम,2
जीव-जन्तु,2
उन्नाव,2
ट्रान्सलिटरेटर,2
जिनका,2
विलक्षण,2
श्वान,2
ट्रेन,2
प्रगति,2
दिया,2
श्रुतलेखन-राजभाषा,2
चढ़,2
बदौन,2
त्रुटियां,2
लिये,2
01624,2
बचाने,2
पद्य,2
करुणा,2
गरीब,2
रहती,2
(1973),2
कानून,2
आनंद,2
श्रेणी:विश्व,2
बचा,2
6,2
अंदर।,2
पूरा,2
ख़तरा,2
अफ़्रीका,2
जैसे:,2
कार्बन,2
नहीं?,2
फ़ैसला,2
जान,2
डाइऑक्साइड,2
मरम्मत,2
रघु,2
न्यायशास्त्र,2
समझे,2
कोरिया,2
स्पीकर,2
उपस्पीकर,2
ज्वाला,2
"लीजिये,",2
वीरु,2
कार्यवाही,2
जोधा,2
परेशान,2
श्रेणी:Web,2
2.0,2
ट्राँसलिट्रेशन,2
तसवीरें,2
बीएमसी,2
आइये,2
पहचान,2
वेद,2
संस्कृतम्,2
सक्रियता,2
सफलता.,2
(सब,2
न्यायिक,2
बेहतर,2
(2008,2
दाल,2
हैं),2
0,2
वृत्त,2
विडियो,2
विवाद,2
स्त्री,2
विवेकानंद,2
धनबाद,2
रहता,2
करे,2
खिलाड़ी,2
श्रेणी:स्थापत्य,2
मुस्कान,2
चावला,2
"जबकि,",2
कल्पना,2
अध्ययन,2
मलयाली,2
"किया,",2
६६१,2
सहायता,2
काँग्रेशनल,2
कम्प्यूटिaarun,2
असमानता,2
विभिन्न,2
तभी,2
बागपत,2
हत्था,2
वर्जिनिया,2
कलम,2
शक्तियाँ,2
पुरण,2
काम।,2
श्रेणी:ताजमहल,2
राजनीती,2
मंच,2
पोळी,2
"लिया,",2
कैबिनेट,2
{{हिन्दी,2
तापमान,2
मॉडलिंग,2
ओक्लाहोमा,2
1,2
स्थानीकरण,2
२०००,2
साझेदारी,2
लेख,2
बिजली,2
विद्या,2
thumb|,2
टाइपैड,2
समालोचना,2
श्रेणी,2
करना।,2
नृत्य,2
जुल्म,2
"कारण,",2
है।”,2
अर्थ,2
जंग,2
सिकंदरा,2
दिलचस्पी,2
पल,2
काला,2
दबाव,2
"भी,",2
होमवर्क,2
संहिता,2
राष्ट्र,2
कहना,2
सरकारी,2
सम्मेलनों,2
ज़रूरत,2
बातें,2
फ़ॉन्ट,2
दिलचस्प,2
कवि:७,2
हिंदू,2
परियोजना,2
कथ्य,2
विपणन,2
महसूस,2
कौआ,2
चुनौती,2
आठ,2
जुड़े,2
व्यवहार,2
रचनाएं,2
उपलब्धियाँ,2
चाहूँगा।,2
अमरीकी,2
कंपनी,2
सदी,2
दी,2
ज्योतिबा,2
फुले,2
दीर्घा,2
नियमित,2
महाराजगंज,2
मात्र,2
छविया,2
उल्टीशाही,2
-घुड़सवार,2
लखनऊ,2
देने,2
केन्द्र,2
हे,2
विज्ञापन,2
पलायन,2
श्रेणी:प्रवेशद्बार,2
मानवीय,2
प्रस्ताव,2
"बेटी,",2
जन्म,2
सौर-इंजीनियर,2
पेर्पेत्रतोर्स,2
नजरकैद,2
मुद्दा,2
उड़ान,2
अध्याय,2
परराष्ट्र,2
वायोमिंग,2
रेमिंगटन,2
कानपुर,2
श्रेणी:दर्शन,2
मन्त्रालय,2
2,2
चाहती,2
"आम,",2
क्लासरूम,2
पीटर्सबर्ग,2
गेंद,2
(तालियां),2
सा,2
आना।,2
मंत्रिपरिषद,2
प्रारम्भिक,2
चाहिये।,2
मात्रा,2
वाराह,2
पाया,2
मुद्दे,2
विश्वभारती,2
मछलियाँ,2
शिकायत,2
शैक्षिक,2
संपत्ति,2
अवस्थाएं,2
क्षण,2
व,2
समझते,2
(Aks),2
सोचने,2
प्रायोगिक,2
थेपला,2
जापानी,2
उठता,2
(ठहाका),2
सवाल,2
तैत्तिरीय-शाखा,2
मूर्तिपूजा,2
भेद,2
बांग्ला,2
दी।,2
ठाकुरजी,2
खरीदेंगे,2
भोले,2
कारोबार,2
आएगा।,2
शहरी,2
निर्धारित,2
कट्टरपंथी,2
ध्वनि,2
लोकरंग,2
(७५०-१२५८),2
समिति,2
श्रेणी:छायावादी,2
सात,2
युग,2
निर्माण,2
देखते,2
यात्राएं,2
स्रोत,2
कागज़,2
फारसी,2
अविश्वसनीय,2
प्रारंभिक,2
कस्बा,2
विशेषताएं,2
आवाज़,2
इडली,2
श्रेणी:बिहार,2
स्वतंत्र,2
तोड़,2
हहहहहहहह,2
चीज़,2
यूएनईपी,2
गतिवरोध,1
आवश्यकता,1
सांख्यिकीय,1
राजिये,1
6.,1
जगहों,1
धरा,1
............,1
बिखर,1
खेलतें,1
३००,1
दुसरे,1
गयी.,1
गिरकर,1
बेसबॉल,1
देवता,1
स्मारक,1
बनातें,1
सुनता,1
"हो......,",1
विषयक,1
वाह,1
अरण्यकाण्ड,1
देवी,1
पक्षी,1
पार्को,1
टेलीग्राफ़?,1
बहस,1
हुई?,1
इन्वेर्ट्,1
सुगर्,1
अंगूठा.,1
200,1
तकरीबन,1
कोंकणी/गोआनी,1
झुनझुन,1
कोमा,1
"तक,",1
कहिए,1
सुभाष,1
मेजदा,1
घटना,1
थें।,1
कार्टूनिस्ट,1
प्रऋति,1
ईमानदारी,1
पोलैंड,1
"मातृभूमि,",1
साल|,1
शुरुवात,1
सर्वोत्तम,1
समझे?,1
चाल,1
कानूनी,1
(1957),1
अधिकार,1
मैकबेथ,1
687025,1
इतना?,1
"बजाय,",1
वजह,1
१९९८,1
फ़ैसलों,1
औटिस्म,1
थे...],1
[...नया,1
सोचती,1
हदीस,1
दोष,1
गांडीव,1
दिखेगा?,1
धनुष।,1
"टेक्नोलोजी,",1
भयानक.,1
"BlackBerry,",1
SMS,1
अलफ़ाज़,1
सोला-मोरालेस,1
मुरझा,1
लाजपत,1
मैनुअल,1
सकता।,1
"वरना,",1
हिला,1
खान,1
संग्राम,1
कर्ण,1
क्षमल,1
मधु-मक्खी,1
दीखता,1
मापदंड,1
लाला,1
रसूल,1
(नबी),1
विश्व-स्तर,1
स्मार्टबर्ड,1
दिखाते,1
फ्फ्3/ढ्14/36231/1298/55,1
"टाइगर,",1
हिडन,1
ड्रॅगन”,1
क़्या,1
जिसका,1
मेरु,1
ओके.,1
हूं.,1
सम्पूर्णता,1
सेना,1
अंग,1
लगता,1
ब्राह्मण,1
मध्यपस्चिमाञ्चल,1
जटिल,1
"“हल्लो,",1
"हो,",1
बिटिया?”,1
पेज,1
“क्राउचिंग,1
स्वीकार,1
सेटर,1
असाधारण.,1
८०,1
व्यवसाय,1
712248,1
मानते-,1
विरासत,1
राजमिस्त्री,1
अच्छा|,1
[[श्रेणी:भूगोल],1
"बावजूद,",1
विद्युतीकरण,1
(एकल,1
घर),1
सीमारेखा,1
"प्रभाव,",1
लन्दन,1
दर्दनाक,1
"अतिसंवेदनशीलता,",1
शाकल-शाखा,1
स्वालिन,1
टाइप,1
दुर्लभ,1
हमीरपुर,1
प्रचार,1
दक्षता,1
अल्लाह,1
18,1
1948,1
पौधे,1
मैनपुरी,1
सर्वसाधारण,1
बडे,1
"बाद,",1
TEDTalks,1
रहेगा,1
आओगे,1
मताधिकार,1
(विकिस्रोत,1
पर),1
कमरे,1
साफ़,1
85522,1
909,1
डरो,1
726911,1
संबंधों,1
Foundation,1
तब्दील,1
वर्ल्डप्रेस,1
हल्का,1
पदचिह्न.,1
कुरुक्षेत्र,1
कृष्ण,1
रोगन,1
ज़ोश,1
किला,1
पद्धति,1
मुहैया,1
करवाना।,1
रहस्य,1
देगा।,1
गुमराह,1
बाद...,1
लिएः,1
सकते?,1
Nobel,1
ई_पेपर,1
बेटियाँ,1
सफ़लताएं:,1
यही।,1
वार्मिंग,1
करके.,1
चुकें,1
उत्तरित,1
सोने,1
जाऊं,1
फेफड़ो,1
छेद,1
उड़ने,1
पानी,1
जरूरी,1
HIV,1
अनुसार|,1
छूटी,1
पाने,1
लगे।,1
मैच,1
सेब,1
खाते,1
ग्लोबल,1
"कार्टून,",1
बुनियादी,1
मलेरिया।,1
ईरान,1
सीमा,1
उद्यान,1
चितवन,1
"पाँच,",1
इकनॉमिक,1
(हिन्दी),1
१८०००,1
रॉयल,1
इलेक्ट्रॉनिक,1
संचार.,1
अंधविश्वास,1
"आधारित,",1
होकर,1
पोखरा,1
पागल,1
बनो।,1
"डायरिया,",1
निमोनिया,1
नेपाल-,1
नियमों,1
लिफ़्ट,1
माइने,1
400,1
Self-excited,1
मुक्त,1
संवेदनशीलता,1
“हे,1
भगवान्.”,1
फ़्रानसीसी,1
स्टुगार्ट,1
वनों,1
हाँ।,1
तकनीकी,1
महत्त्वपूर्ण,1
"अलग,",1
रंगीन,1
बेतुका,1
चले,1
चोंचों,1
चिंतन,1
प्रतिभाशाली,1
"25,000",1
मौन,1
नायक़्कर,1
ट्राए,1
देहरादून,1
५८३,1
028,1
90547719,1
पेलोड,1
फ़ाँसी,1
लिए|,1
विविधता,1
आदित्य,1
प्रतियोगिताओं,1
कार्यशालाएँ,1
"हु,",1
"पल,",1
बुरा,1
निजेरियाई,1
नें,1
"कब,",1
वेब्साइट।,1
(बीबीसी),1
शादीशुदा,1
होगा!,1
सहन,1
रु,1
आँखे,1
अतिसंवेदनशीलता,1
नादिर,1
शाह,1
होगीऋ,1
काकोरी,1
कबाब,1
स्वाधीन,1
अंतरिम,1
बोला,1
“हैं”,1
कुत्ते,1
कडियां,1
"जहां,",1
विज्ञापनों,1
झुंझला,1
देता,1
जयपुर,1
उपायों,1
फ्रान्स,1
इन्फो,1
श्रेणी:स्मारक,1
"8,800",1
कीमतः,1
मार्कण्डेय,1
उतना,1
HyDRAS,1
रहतीं,1
दोपहर,1
मिलते,1
समुंदर,1
गलतियों,1
डी.सी.,1
(डिस्ट्रिक्ट,1
अव,1
कोलंबिया),1
अच्छा।,1
जाँच-पड़ताल,1
पॉकेट्स,1
आवश्यक,1
प्रार्थना,1
बुद्धिमत्ता,1
केन्टकी,1
आम,1
नागरिकों,1
बनिस्पत।,1
1000awesomethings.com,1
बनाई.,1
संघर्ष,1
से?,1
फर्नीचर,1
चुम्बकीय,1
stretch)”,1
मोटे,1
जाना।,1
"घसीटनेवाला,",1
टेनेसी,1
फसल,1
पासाडेना,1
२५%,1
USGS,1
भू,1
उष्मन,1
“द,1
निशाना,1
“कहानियों,1
संतुलन”,1
"अकेलापन,",1
236,1
द,1
९९'।,1
अवियल,1
बाजार,1
गीतारहस्य,1
स्ट्रेच(The,1
मस्तिस्क,1
एम्मा,1
पहले),1
दिखाना,1
नन्ही,1
करीं।,1
कैमरे,1
नीतिशास्त्र,1
ज़ोर,1
यखनी,1
आदिकाल,1
(१४००,1
इसवी,1
सूर-काव्य,1
मेरिलैंड,1
लुत्फ,1
उठाईए.,1
ज़ूम,1
बरसात,1
सुसंस्कृतम्,1
मिश्रित,1
अमोनिया,1
उड,1
"नेता,उनके",1
लीडर,1
कागज,1
(चीनी,1
हे.प.:,1
आंसुओं,1
(1945),1
रुकावटें,1
खाँसी,1
दवाई,1
सुर-हीन,1
होता.,1
",उपहार",1
हिप्पोक्रेटिक,1
पांडुलिपियाँ,1
सबके,1
गिनती,1
चिल्ड्रन,1
वृक्ष,1
असफलता,1
जिनसे,1
तेलुगु,1
प्रकार्य,1
माइक्रोसाफ्ट,1
रखा.,1
राजतिलक,1
सुलगता,1
मातम.,1
सतरंगिनी,1
आईए।,1
कमाल,1
१००,1
आत्मिक,1
"अनुभव,",1
ताकि,1
हवाईअड्डे,1
यूनी,1
वार्ता,1
हिन्दीराइटर,1
(विकास,1
बन्द),1
सेकंड,1
उपस्थिति,1
सेव,1
व्यापक,1
तिरस्कार,1
विवेचना,1
टाईटैनिकों,1
टकराते,1
हुए.,1
मानस-बालकाण्ड,1
प्रयोगों,1
कमेंट,1
था:,1
कह,1
“ये,1
चलाने,1
कोशिश,1
उनका।,1
सुझाव,1
22,1
अयोध्याकाण्ड,1
गर्मियाँ,1
सुझाएँ,1
हों,1
चुकीं,1
तंदूरी,1
चिकन,1
आओ,1
"जगह,",1
बैठो।,1
COPD,1
"गँवाना,",1
किसान,1
असंगठित,1
थोड़े-बहुत,1
चरित्र,1
सोचा,1
होड़,1
प्रतापगढ़,1
इकाइयों,1
रेतीली,1
उड़ेगा|,1
बराबरी,1
दिखाओ।,1
(बनावटी,1
ढोल,1
पोष्ट,1
औरडर,1
अन्नपूर्ण,1
कब्ज,1
सीखा।,1
"सम्हाला,",1
औरत-मर्द,1
बहुदेशी,1
जहाज,1
बजट,1
उपस्थिति|भाष्,1
सशक्त,1
परिप्रेक्ष,1
बीकानेर,1
रीति,1
(१६००-१९००),1
खाक,1
"जाएँ,",1
पद,1
बालगंगाधर,1
तिलक,1
निर्माता,1
"रिपोर्ट,",1
खाद्य,1
मुनाफा,1
सहित.,1
शुभचिंतक,1
ज़िद्दी,1
बिताते,1
"दूसरा,",1
हमला,1
(सीटी),1
चुनौति,1
"छंटनी,",1
जाएंगे,1
नमुने,1
8000,1
बोस्निया,1
कोसोवो,1
हाँ.,1
शील,1
नामकरण,1
"फलस्वरूप,",1
काठमाडौं,1
उपयोगी,1
बेहोशी,1
टीम,1
7480,1
ड्रिप-सिंचाई,1
वेधशाला,1
कंपनियां,1
अरे,1
जीमेल,1
लीफलेट,1
एकल,1
जीवनकाल,1
सीतापुर,1
बादशाह,1
स्तर,1
व्यवसथा,1
श्रेणी:एशिया,1
630,1
सस्ता,1
प्रचारक,1
रहने,1
गहराई,1
जुङ,1
संभावना-विज्ञान,1
सांख्यिकीय।,1
"क्युंकि,",1
"जरुर,",1
संपर्क,1
7788,1
समयचक्र,1
women,1
ओबीयांग,1
स्वीडन,1
मोनरोविया,1
युद्ध-ग्रस्त,1
इलाकों,1
तरह-तरह,1
मैत्रायणीय,1
(शाबाशी,1
मिलती,1
मल्टीटास्किंग,1
are,1
"चाहते,",1
weak,1
ब्राज़ील,1
दहला,1
दिया.,1
रोज़ी,1
ग्रीयर,1
ठेलेप्होनेः,1
7730,1
693,1
लेजाने,1
टेओडोरिन,1
वाक्पटुता,1
एम्स,1
शोध-,1
अनुसंधान,1
केंद्र,1
खुशखबर,1
निकम्मा,1
ङ्,1
जांच,1
मिशिगन,1
कर्ताओं,1
रविदास,1
नक्षा,1
बहती,1
अगले,1
धाराओं,1
सिंचित,1
सही!,1
आती,1
प्रलय,1
(कयामत),1
प्रजातंत्र,1
आजादी,1
दौडने,1
मनोवैज्ञानिक,1
परिकलन,1
"हूँ,",1
"त्योहार,",1
हंसते,1
गतिनिर्धारक,1
भूमिका,1
दीवान-ए-आम,1
योनि,1
मिलने,1
फ़ोटो:,1
"औरत,",1
मधुबाला,1
(1936),1
तमिल,1
ज़बान,1
फ़ीडे,1
सम्भाल,1
भिन्न,1
मान्यताओं,1
केन्द्रित,1
"इंजीनियर,",1
यू,1
ट्यूब,1
दवाओं,1
शिक्षा:,1
ज़रिया,1
ललितपुर,1
इमेजिंग,1
कमीज़ें,1
नए-नए,1
नक्करखाना,1
रुकिए,1
ब।,1
?”,1
वस्तु,1
खटखटाया।,1
वायुमंडल,1
ग्रीनहाउस,1
गैसें,1
चीजें,1
वस्त्र,1
टेन्सर,1
सिलवाते,1
राज्यसभा,1
सहानुभूति,1
दिखायेंगे,1
10.3,1
३५६,1
असफ़लता,1
ओर।,1
रहिए,1
O600KO78RUS,1
अदृश्य,1
धुलवानीं,1
वास्तविकता,1
टीका-अभियान,1
चयनित,1
किशोरों,1
द्वारा.,1
बस्ती,1
बर्खास्तगी,1
स्थापत्य,1
ञ्रेएप्होने,1
279,1
6222,1
उद्देश्यपूर्ण,1
न्यायधीशों,1
ःइल्ल्,1
हुईं,1
पढ़ती,1
bite,1
समन्वयकों|,1
सुधार,1
लाने,1
का।,1
भवन।,1
मिशन,1
ज्वालामुखी,1
थके-हारे,1
ऐअस्ट्,1
तीर्थस्थानों,1
मक्सद,1
सरस्वती,1
न्यूनतम,1
वर्षा।,1
मरकुस,1
फिशर:,1
"हाँ,",1
ज़रूर.,1
उभरते,1
प्रतिमानों,1
ञ्Hशा,1
जुडाव,1
45,1
"होगा,",1
कृषि,1
(विक्षनरी),1
पाठसंग्रह,1
(कॉर्पस),1
1847,1
(विडियो):(गीत),1
महल,1
अनु-मोबाइल-फोन,1
पदच्युति,1
8,1
विदाई,1
ढोंग,1
“ओह.”,1
लोक-विज्ञान,1
आत्मचित्र,1
सोता,1
बाबरी,1
Botton.,1
de,1
अधूरे,1
प्रोजेक्ट,1
सजावट,1
कैफ़े,1
तस्वीरें,1
दर्शन,1
अहा,1
अकेला,1
छोड़,1
४५,1
प्रेम-कथा,1
हथियार,1
एवम्,1
बनारस,1
सीए:Alain,1
क्रोम,1
साठ,1
मिथक,1
एहसास,1
बाघ,1
रवि,1
नम्बर,1
१,1
बिजली?,1
बटन,1
चेर्नोबिल,1
दुर्घटना,1
नवम्बर,1
२००५:,1
स्वंयवर,1
(चित्रकार:,1
वर्मा),1
पढ़ना,1
मऊ,1
"मास्जिद,",1
मुगल-ए-आज़म,1
(1960,1
"टिकाऊ,",1
"अभियांत्रित,",1
स्थायी,1
ज्यादातर,1
पेड़ो,1
पाठ्य,1
दशक,1
एह.,1
राजस्थानी,1
खींचे,1
नागर,1
प्रशासन,1
परा-प्रकृति,1
नाकि,1
भौतिक,1
दुनिया।,1
मिले।,1
वहाँ.,1
कलाबाज,1
गांठ,1
गईं,1
द्वादशमासै:,1
मिलीं,1
७५०,1
सम्राज्य।,1
",खासकर",1
"प्रशासन,",1
बजने,1
पेजे,1
मुसलमानों,1
अर्थात,1
भरोसेमंद,1
संवत्सर:।,1
नववर्ष,1
अंबेदकर,1
डाई,1
अगल-बगल,1
मर,1
वाणी,1
सिलसिले,1
अलाबामा,1
नए,1
खुद,1
करें?”,1
चिल्लाया।,1
सब्जी,1
डूबे.,1
भावना,1
एक्ष्प्लोइत,1
जानता।,1
आत्मदोष,1
पुलाव,1
मैरी,1
बेटी,1
पन्थ,1
मंगलमय,1
दीवान-ए-आम।,1
समानता,1
लेंस,1
पालती,1
सरस,1
टोपियाँ,1
ख़रीदना,1
नागरिकता,1
एरिक,1
बारोन,1
थोड़े,1
से(इतने,1
कम),1
क्यों?,1
"दुनिया,",1
"होता,",1
मरना,1
खरीदे।,1
डरावना,1
लालटेन,1
उपन्यास,1
रोमांचक,1
भूतकाल,1
हवाई,1
लड़कियों,1
देहात,1
(अकबरपुर,1
बिज़ी,1
क्रेडिट,1
अंडे,1
कबीर(हिंदीकुंज,1
उनको,1
प्रवासी,1
शेयर,1
उत्तेजक,1
प्लीएडेस,1
तारामंडल।,1
जिससे,1
दुरबीनों,1
आँख,1
सूज,1
गई,1
खतना,1
"बैठो,",1
भगवद,1
शटल,1
सिम्युलेटर,1
गुब्बारा,1
कार्टूनिस्टों,1
अड्डा,1
[[चित्र:[[मीडिया:चित्र:उदाहरण.ogg,1
फ़िलिपींस,1
सफ़ल,1
सका।,1
स्त्रीवादी,1
पूछें।,1
मधुर,1
धारावाहिक,1
श्रेणी:शहर,1
होगी,1
अस्पताल,1
भर्ती,1
"पूछा,",1
एशियन,1
वर्गीकरणः,1
अभिनन्दन,1
ठ्रिअल्,1
दूरदर्शन,1
पीढियों,1
कौनसा,1
बीच।,1
हरदोइ,1
सोचता,1
पाएगा।,1
दादागीरी,1
नमूने,1
ख़बर,1
धोका,1
श्लोक,1
श्रेणी:अमेरिका,1
देश?,1
कहाँ?,1
पाउंड,1
पड़ी।,1
सेल,1
उपयुक्त,1
"संरचनाए,",1
उप,1
संरचनाएबनाते,1
ठेद्ट्प्होने,1
0870,1
1207405,1
प्रवास,1
उछल,1
हनुमान,1
क्लिनिक),1
कामुकता,1
डेटा,1
"भेजे,",1
कल्पनाएँ,1
दादा,1
चाचा,1
"बहुत,",1
रचना,1
अपेक्षाएं,1
(जैन,1
गृहिणी,1
मिलाकर,1
अर्थ-व्यवस्था,1
श्रेणी:चीन,1
तुरंत,1
नतीजा,1
मिलता,1
मैरीलैंड,1
झील,1
कीड़ो,1
खाने,1
सरल,1
छत्तीसगढ़,1
समर्थन,1
तैयार,1
बैठकर,1
मिज़ूरी,1
बिज़नेस,1
"22,300",1
झंकार,1
सिलीगुडी,1
“लगता,1
है.”,1
झाँसी,1
प्रो.,1
ए.,1
विकलांगता,1
"ज्यादा,",1
(ताप्तीलोक),1
19वीं,1
"gamers,",1
"निर्माताओं,",1
लघु,1
आयु,1
निकोली,1
आस्त्रोव्स्की,1
स्पाटलाइट,1
के।,1
टूट,1
निपुण,1
हत्थाकुर्सी,1
परन्तु,1
हिन्खोज,1
बेकार,1
रातभर,1
यानि,1
ब्रह्मांड,1
बिजनौर,1
कारगर,1
साबित,1
हुई.,1
"विकरण,",1
अच्युतन,1
लड़ते,1
शाकाहार,1
मिला?,1
कुंड,1
लॉस,1
एंजिलिस,1
इ_पेपर,1
समुदायों,1
दुर्गुणों,1
"आपका,",1
वॉटसन.,1
पे.,1
मल्टीमीडिया,1
भारित,1
सुल्तानपुर,1
व्यय,1
(बिगुल,1
कहेंगे,1
धब्बे,1
सनस्पॉट,1
कहलाते,1
"इसलिये,",1
वंचित,1
(तालियां)।,1
झरोखे,1
गोसरई,1
मलेशिया,1
कसरत,1
मर्दाने,1
त्रासदी,1
सुलझाया,1
भाष्य,1
रोना,1
श्रेणी:जंबुद्वीप,1
खिल-खिलाहट,1
कूडा,1
जहां,1
लाखों,1
0855229098,1
डिब्बे,1
"सरवाक,",1
प्रवेश,1
(टीवी,1
धारावाहिक),1
पूर्ण,1
"सत्य,",1
"मानकीकरण,",1
इंगलैंड,1
डोरसेट,1
और्थोपेडिक,1
लीबिया,1
"शिक्षकों,",1
सामने.,1
उन्नतिशील,1
1961,1
१९७९,1
कोईसा,1
असमिया,1
प्रदर्शनी,1
नाम.,1
पिंजरा,1
खाली,1
मिला।,1
दहेज,1
निषेध,1
गयी,1
अट्ठारह,1
खोलिए।,1
विदेश-यात्रा,1
"रात,",1
(विडियो),1
मंदारिन,1
भाषी,1
[मंदारिन],1
गोपनीयता,1
(अभिव्यक्ति,1
धूम्रपान,1
बंगाली,1
अधिकांश,1
इतने,1
समयपूर्वक,1
हकला,1
वॉइस,1
प्रवर्तक,1
आक्रोश,1
सुलग,1
कमा,1
लेता,1
विषय,1
महाभारता,1
रिसोर्सेस,1
प्रसव,1
उपराष्ट्रपति,1
रामराज्य,1
आदर्श,1
बत्तियों,1
जलाते,1
(हंसते,1
(देवनागरी,1
में)।,1
'मर्दाना,1
डिब्बा'(man,1
box),1
मना,1
पति,1
प्रदृशनकारियों,1
लाऊँगा।,1
बहूत,1
बलोनी,1
(बकवास),1
जिमखाने,1
उभरता,1
प्रीपेड,1
गणित,1
गैसीय,1
रिसाव|,1
शराब,1
कीमत,1
दान,1
येही,1
दिखाई,1
देगा,1
तालाब,1
आस-पास,1
टहलें।,1
इसको,1
समझिए।,1
सौजन्य,1
से।,1
देते,1
महिलाओं,1
जल-पम्प,1
पुस्तकालय,1
नर,1
",नारी",1
01273,1
878770,1
संरचनात्मक,1
चश्मे,1
महान्,1
देशभक्तिपूर्ण,1
मुक्तबोध,1
डिजिटल,1
"बन्धन,",1
रहें,1
एल्गोरिथमिक,1
व्यापार.,1
”,1
करोगे,1
न?”,1
बाज़ार,1
आकार,1
(बुद्धवार),1
"आखिरकार,",1
सफलता,1
कनेक्टिकट,1
इंडस्ट्री,1
"कहती,",1
है”,1
होगा.,1
हलाहल,1
(1946),1
राष्ट्रीयता,1
महाशय,1
उत्सव,1
त्रुटिपूर्ण,1
हफ्ते,1
पहुँचने,1
मीनार,1
(प्रसंशा),1
१८,1
सनक,1
क्यूंकि,1
परिभाषा,1
"होगी,",1
धुँआ,1
बैट,1
डरा,1
दिया!,1
"“हाँ,",1
देखा.”,1
"समाधान,",1
परिवर्तनशील,1
निष्कर्ष,1
शिल्प,1
"बात,",1
श्रेणी:दीन,1
ए,1
इलाही,1
डी-सलिनाशन,1
नारीत्व,1
डरती,1
थी॰,1
जाएगा।,1
लद्दाखी,1
बहुसंख्यकों,1
पेड़,1
हस्त,1
हरे,1
श्रेणी:खान,1
पान,1
पतंग,1
उड़ाएँ!,1
बोधनाथ,1
स्तूप,1
श्रेणी:1942,1
births,1
ग्राहक,1
चाहिएँ।,1
त्वचा,1
कैंसर,1
पाओ।,1
एसटर,1
वैवर्त,1
Jaishankar,1
Prasad),1
दिखा,1
"“अब,",1
एमिशन,1
भी!”,1
कवायद,1
"करो,",1
writer,1
मुसीबत,1
Jaisanker,1
Prasad},1
बैरक,1
कहाकि,1
अति,1
आत्मविश्वास,1
"न्यूरोसायंस',",1
मनोविज्ञान,1
इत्यादि,1
गुज़रा,1
बुलाई।,1
“मैंने,1
सुपरसाइट,1
ट्रैफिक,1
"हुई,",1
पार्श्व,1
गायक,1
सीखा,1
स्केटिंग,1
करके,1
मज़ा,1
"अर्जेंटीना,",1
"फ़्रांस,",1
इन्वारिंस,1
अख़बार,1
स्केल,1
ललित,1
निबंध:,1
क्षणदा,1
(१९५६),1
४.२,1
करोड,1
पंत,1
(1970),1
निरिक्षण,1
ट्विटर।,1
स्वाद,1
देना,1
"मकदूनियन,",1
ज्ञानामृतम्,1
"सीरिया,",1
"वज़ह,",1
"बतायी,",1
मज़ेदार,1
(अभिवादन),1
अंगर,1
सूचना,1
श्रेष्ठ,1
रचनायें,1
मौज,1
अरण्य,1
भविष्यवाणी,1
डेलावेयर,1
पीकर,1
करदो।,1
द्रौपदी,1
स्वयंवर,1
फोनः0541,1
545500,1
चौसठ,1
रूसी,1
कविताएँ,1
"इराक,",1
गांवों,1
"बेंजीन,",1
सम्बन्धित,1
“वाह!”.,1
उपकर्ण,1
पूर्वोत्तर,1
मुसलमान,1
मानते,1
"अन्जान,",1
अनाम,1
गहरा,1
भेदन,1
शिशुजन्म,1
संतुष्ट,1
"चुनौतीपूर्ण,",1
आंतरिक,1
कहानियां,1
भेड़ों,1
तसल्ली,1
उड़ेलते,1
चुम्बन,1
know.,1
दिल्ली,1
रुपान्तर,1
में?”,1
प्रोपेन,1
चालीस,1
"सिकंदर,",1
करूँगा,1
इस्तीफा,1
महंगी,1
समझौते,1
आएँगे,1
रेलगाड़ी,1
आपरानेट,1
गद्गद,1
उद्धरण,1
निशान,1
रोका,1
10,1
श्रेणी:अंतरिक्ष,1
प्रतिशत।,1
समर्पित,1
उपग्रह,1
चाहता,1
गाड़,1
चूका,1
चहुँओर,1
बोझ,1
भोजन,1
औसत,1
यात्री,1
दिनों,1
यौन,1
खाता,1
ज्ञानपीठ,1
स्टेशन,1
दूर-दराज़,1
हृदय,1
कैलेडोनियन,1
खालीपन,1
जूझते.,1
धीमा,1
सिरदर्द,1
बलरामपुर,1
अभ्यागतों,1
शुरुआती,1
दूध,1
सवाल:,1
कोलकाता,1
कुशीनगर,1
"वक्त,",1
मारी,1
महिलाएँ.,1
दोबारा,1
पढ़ें।,1
अनाज,1
गहरी,1
अब्राहम,1
आकुल,1
Joshi's,1
बेसबाल,1
गेम,1
आवाज़ों,1
"कठिन,",1
रखती,1
परा-बैंगनी,1
"नीचे,",1
सवालों,1
जिसने,1
Omkar,1
Indian,1
7823,1
Languages,1
Word-Compilation(WYSWYG),1
बाल्यकाल,1
जाचुका,1
संत्रे,1
0808,1
808,1
7777,1
चिल्लाने,1
"बिल्कुल,",1
6726,1
चेहरों,1
बढ़त,1
विवादास्पद,1
अनगिनत,1
जानों,1
ज़रूर,1
राजा,1
1999,1
सोवियत,1
"संघ,",1
"३०,०००",1
बनाए।,1
करेंगे?,1
अनिर्मित,1
'wrong.',1
महत्त्वाकांक्षी,1
पुलिस,1
अफ़सर,1
बुद्धिमान,1
उम्रः,1
स्थापित,1
धडाके,1
भी।\,1
am,1
branded,1
प्रतियोगी,1
विश्वबुक्स,1
३०,1
अफ्रिका,1
पहचानते,1
भाषा-अइधकार,1
लोकप्रिय,1
गीत,1
Sofomo,1
कत्थक,1
सादृश्य,1
दूँगी.,1
अनपेक्षित,1
"माँ,",1
53,1
जुड,1
क्षेत्राधिकार,1
रोडियो,1
संकेत,1
निर्देशानुसार।,1
स्वलीन,1
हूरियों,1
स्वर्ग,1
वाला.,1
भावनात्मक,1
पाहेचान,1
आकृतियों,1
हमसे,1
नाकारा,1
velocity.”,1
माना,1
जायेगा।,1
घेर,1
लिया.,1
स्पेसिय,1
नाराज,1
जीत,1
वासी,1
“दीर्घायु,1
escape,1
अमित,1
हानि,1
साहस.,1
मनुष्यों,1
सेनापति,1
पड़ोसी,1
नानी,1
बोलतीं,1
गुजर,1
लाईव,1
मिनिकॉमः,1
6055560,1
छात्रों,1
कन्नड,1
अंतर,1
थे-,1
रायपुर,1
ई-मेल,1
रोगीयों,1
डाक्टर,1
आँखों,1
ज़बानी,1
लिंक,1
शैलियां,1
बोलियां,1
कहलाईं।,1
झिल्ली,1
आकर,1
फिलटरेशन,1
कत्ल,1
सिंधु,1
आजाओ।,1
तापन,1
"सम्पत्ति,",1
समन्वयित,1
इनमे,1
विकिमैपिया,1
जाने।,1
मिलना।,1
सुबह,1
कार्यकाल,1
आबू,1
(1943),1
(१३७५-१७००),1
कौन-सी,1
जायदाद,1
प्रतिवर्ष,1
देशीय,1
उत्पाद,1
ड्राई-क्लीन,1
तरल,1
माउण्ट,1
यांत्रिक,1
शनिवार,1
उपकरणों,1
प्रतिक्षा,1
तुर्कों,1
मेरीं,1
१९४०,1
inside,1
and,1
outside,1
decorations,1
कृतियां,1
मानव-संसाधन-पूँजी,1
नमस्ते,1
भरोसा,1
उड़ते,1
आपराधिक,1
ताकतें,1
देती,1
फॉरवर्ड,1
माछ,1
वास्तुकार।,1
क्रिस,1
एंडर्सन:,1
"प्रणव,",1
चिड़िया,1
टू,1
झोल,1
इकॉनामिक,1
क्रिएटिविटी,1
सुधार?,1
(उत्साहवर्धन),1
आई?,1
तालियाँ.,1
पुरातात्विक,1
सर्वेक्षण,1
कुपोषित,1
ज़िंदगी.,1
(रेजिस्ट्रेशन,1
शीर्ष,1
बाय,1
नयी,1
भला।,1
कम्बोडिया,1
पढ़ने,1
लगी.,1
उतारता,1
मिलकर,1
छठा,1
26,1
जनवरी,1
1950,1
देखें.,1
समझा,1
बन्द,1
करो.”,1
ढिसबिलिट्य्,1
Lइविन्ग्,1
आल्लोतन्चे,1
हाथों,1
बोर्ड,1
गय्रोस,1
टाउन-हाल,1
झुकी।,1
बनता,1
प्रक्रियों,1
बदतमीज़!,1
"इंटरफेस,",1
बढ़ावा,1
मिले.,1
जज़्बा,1
पात्रों,1
प्रशिक्षित,1
रस्मो-रिवाज,1
फेसबुक,1
पहेलियाँ|,1
वेस्ट,1
"जीवश्मिकी,",1
बारिश,1
दवाइया,1
काले,1
अस्पतालों,1
तवे,1
शवों,1
संजोते,1
सावधान,1
रहें.,1
के.,1
आध्यात्मिक,1
पछ,1
तुष्टीकरण,1
तकनीशियन,1
निम्न-आय,1
मंत्रिमंडल,1
"फोटोग्राफी,",1
सोये,1
प्रोटेक्शन,1
नेहरू:,1
जीवनचित्र,1
दिन..,1
क्लाइमेट,1
बोलती,1
फ़ॉर,1
इन्सानों,1
एलायन्स,1
करूँ,1
सेक्स,1
इन्दौर,1
17),1
पत्नी,1
जनसंख्या,1
4074,1
रोबोट्स,1
सको,1
...,1
जिंदा,1
वापीस,1
डी.एम.सी.ए.,1
it.,1
अमर,1
उजाला,1
all,1
अप्रत्यक्ष,1
we,1
सर्वस्व,1
सस्ता.,1
इस्लामिक,1
"दौरान,",1
"युद्ध,",1
जॉर्ज,1
डब्लू,1
"बुश,",1
रोमन,1
नेटवर्किंग,1
सोसल,1
पर.,1
पोस्टिंग,1
अफगानिस्तान,1
Parabaas,1
मेसेज,1
have,1
बस्ता,1
चील।,1
श्रेणी:मंगला,1
प्राप्ति,1
"साँप,",1
"मेंढक,",1
जुडा,1
देखे,1
विदेशी,1
खु़फ़िया,1
निगरानी,1
एक्ट.,1
2009,1
बहोत,1
ग्रैंड़मास्टर,1
पैसा,1
मेक्सिको,1
एटा,1
शतरंज,1
(अन्-यूनिकोडित),1
फिरसे,1
विश्वनाथन,1
वैसे,1
तिब्बत,1
"तसवीरें,",1
685682,1
सर्जन,1
उतरता,1
पोषण,1
पर्याप्त,1
खनिजों,1
स्पिरिट,1
ग्यारह,1
"संपर्क,",1
लगाने,1
मुस्कुराने,1
अवलोकन:,1
रुक,1
बोलता,1
शोर,1
मचाओ।,1
कमीज़,1
खींची।,1
फिर(1970),1
टेक्सी,1
बुलवाई।,1
इंसान,1
मणिपुरी,1
नीड़,1
रायबरेली,1
बेहद,1
सरकारतंत्र।,1
बजाता,1
रखने,1
दर्शक.,1
“नहीं.”,1
समझाया,1
रॉसोगुल्ला,1
टैक्स,1
आय,1
बढ़ने,1
जैव-विविधता,1
सो,1
अभिभाषण,1
समेटा,1
सैप्टिसीमिया,1
मेन,1
दबाने,1
जिन्हे,1
"अन्वेषणयन्त्र,",1
"दुरबीन,",1
5,1
कॉपी-राइट,1
गिटार,1
जाएँ.,1
रोशनी,1
फॉर्म,1
तंत्रिका,1
कारणों,1
रखेगी.,1
रह,1
आये.,1
आहार-जाल,1
स्थान,1
स्कूल।,1
दबे,1
कुचले,1
सुलेखन,1
पिश्ताक,1
वृहत,1
“कहानी,1
है?”,1
निर्देशिका,1
मांगी।,1
(शनिवार),1
हो”,1
अरब,1
संगिनी,1
फ़ौज़ी,1
सिएरा,1
ध्वज,1
पक्ष,1
मुगल,1
"आप,",1
"कही,",1
चाचा-चाची,1
श्रेणी:ज्ञानपीठ,1
सच्ची,1
चुस्टोम्रेल्.तोर्क्पेर्मिट्स्डेङेस्.ग्सि.गोव्.उक्,1
इ-मेल,1
मांगने,1
वित्तीय,1
दृष्टिकोण,1
सहयोग,1
गुज़ारा।,1
फाड़,1
डाला।,1
सुप्रभात,1
दीवालिया,1
"अनुदान,",1
प्राथमिकताओं,1
अभिनव,1
"रोआंन,",1
टाइपिंग,1
भेजते,1
रोजा,1
कोन,1
बैग,1
बेतरतीब,1
अनिश्चितता,1
जाँच,1
गलत,1
सोलहवा,1
5050,1
परिदृश्य,1
सुपर,1
क्ंड्क्टिंग,1
भोद्,1
औ,1
फ्,1
आखरी,1
पढ़ा,1
गुलदान,1
(Skype),1
स्काइप,1
संचार,1
ढांचे,1
असन्तोषजनक,1
सूत,1
"पहने,",1
नायलॉन,1
स्कुल,1
कठोर,1
नक्शे,1
विस्तृत,1
सिर्फ़,1
मानवो,1
सिस्टम,1
पहनते,1
घड़िया,1
कलाई,1
किशोर,1
छिपा,1
कूदो.,1
श्रावस्ती,1
१२५८,1
ड्रेस,1
पहनी,1
सह-सहारन,1
गरमाई,1
वातानुकूलन.,1
हँसा।,1
अनपढ़,1
"अनियमितता,",1
माला,1
किया!,1
करती।,1
खींची,1
गाजियाबाद,1
नमक,1
ख़ुशी,1
पक्षपाती,1
मजे,1
आजमगढ़,1
रोया,1
रोया।,1
गाइड,1
विश्वसनीय,1
पुनर्वास,1
सीधे,1
“शैतान.”,1
करेंगे,1
श्रेणी:ज्ञानाश्रयी,1
मोबाईल,1
एप्लीकेशन,1
गाने,1
लगी।,1
दर्शक:,1
इल्ज़ाम,1
रखो!,1
हैमलेट,1
संरचनायें,1
कद्दू,1
"(इन्फ़्रास्टर्कचर),",1
"हवाई-अड्डे,",1
पथ,1
(करतल,1
ध्वनि),1
लायक,1
८२,1
सिग्नल,1
भेजता,1
सटीकता,1
वाट|,1
12,1
क:,1
मिलिए,1
मिली,1
केरल,1
अकादमी,1
पुरस्कृत,1
जैविक,1
गई.,1
निकाले,1
लगना,1
पान्डु,1
साफ,1
विकार,1
दीप्तिमान,1
व्याख्या,1
नाजु़क,1
"गुज़रा,",1
काव्यात्मक,1
“लोगों,1
अपर्याप्त,1
उपलब्धि,1
जाएँ।,1
तितलियों,1
दिखातीं,1
फ़ुल-पेज,1
नंबरः,1
1001,1
क्रिकेटआर्काइव,1
बार-बार,1
यह?,1
फ्री,1
वाई-फाई,1
(तालिया),1
व्यक्ति-विशेष,1
600,1
घंटों,1
साहूकारों,1
मीनारें,1
सस्ते,1
ओरेगान,1
सक्रीय,1
छोटी।,1
नैतिकता,1
महत,1
क्रोध.,1
कौथुम-शाखा,1
जातीय,1
सम्बंधित,1
हिसाब-किताब,1
मुझमें,1
सच्चा,1
मार्क,1
रिकोबोनो:,1
नेतृत्व,1
ऎसे,1
कार्टून,1
अंश,1
(तालियाँ,1
शिक्षण,1
हूं.”,1
यातायात,1
प्रम्बानन,1
भावे,1
76,1
बताता,1
सामने,1
अनासक्ति,1
योग,1
महात्मा,1
गांधी,1
गेंदबाज़,1
दौड़ते,1
लिए।,1
औरत,1
सहारनपुर,1
हरयाणा,1
अबूझ,1
राज्यपाल,1
YouTube,1
"ओह,",1
उह.,1
बताया,1
टोपी,1
"बदलाब,",1
मेहताब,1
विनोबा,1
व्यापारियों,1
गीताई,1
अमूल्य,1
वार्तालाप,1
आओ।,1
अमिताभ,1
जीवनि,1
इत्तेमादुल्ला,1
"भेड,",1
बकरी,1
कठ-शाखा,1
किसका,1
खुलता,1
श्रेणी:गंगा,1
कसूर,1
गणितज्ञों,1
चलें!,1
शांत,1
गैर,1
भेदी.,1
जाने?,1
बहत,1
बड़े,1
हुआ”,1
जनसम्पर्क,1
रिफ्यूजी,1
अधिकतर,1
सुनाई,1
संभालने,1
रे!,1
मर्दों,1
बहुतांश,1
बाप,1
घास,1
लेटे,1
पार्टियाँ,1
बहिष्कृत,1
लाना।”,1
दी|,1
कॉलेज,1
(1968),1
ऊँगली,1
प्रतिमाओं,1
कटती,1
गुरु,1
भेंट,1
समीक्षाएं,1
असली,1
"आया,",1
बनाए.,1
क्लिप,1
विडीयो,1
उड़ाओ।,1
राष्ट्र:,1
जापान,1
४००,1
"औरतें,",1
लेखन,1
ग्रन्थ,1
घसीटनेवाले,1
तरह.,1
गरुड़,1
ज़िन्दा,1
बताओ।,1
जियेंगे?,1
वध,1
(MID),1
बॅटर,1
आऊट,1
ऍरियल,1
ऍमऍस,1
दुर्योधन,1
२२६,1
भीमसेन,1
माध्य्म,1
चिट्ठा),1
धर्मसंसार,1
बचायी,1
घंटी,1
चुकी,1
दुर्भाग्य,1
दोषहीन,1
"africa,",1
south,1
"kazakhstan,",1
जिन,1
है|भाष्,1
cartoonist.,1
a,1
इन्क़लाब,1
became,1
"अनुसार,",1
"ढोंग,",1
यात्रियों,1
करो,1
बेशक,1
फेरी,1
सगुण,1
कामोत्तेजक,1
चुराई,1
माध्यन्दिनीय-शाखा,1
सितारों,1
सुच्रोसे,1
ढूँढ,1
विनिर्माण,1
डार्विन,1
छूट,1
२०वीं,1
मनोचिकित्सक,1
चिल्लाईए,1
मत।,1
उत्तर-पश्चिमी,1
इंग्लैंड,1
रीवा,1
वाल्ट्ज,1
(ड्रायर),1
पौराणिक,1
प्रसंग,1
चयन,1
जवाबदेह,1
बकरियों,1
"जाये,",1
दुधारू,1
वाकई,1
"बिना,",1
निरीक्षण,1
"लिखना,",1
laying-off,1
२०,1
भय,1
गुरुवार:,1
"पुरुष,",1
शुद्ध,1
आसव,1
पानी।,1
ब्रह्मा,1
१९८४-१९८७,1
तैर,1
मान्यताएं,1
(हंसना),1
"सुधार,",1
किया?,1
बनाते,1
पारियां,1
छंटाई,1
नाना-नानी,1
एपगोगिक्स.,1
लेकर,1
आशावादी,1
people,1
वीं,1
परिवेश,1
ख़राब,1
धोखा,1
सच्चिनंद,1
करेगा,1
अनुवाद,1
अभिव्यक्ति,1
कार्यप्रणाली/कार्य,1
आयोग,1
निर्वाचन,1
बीमार,1
भागदौड़,1
जनजीवन,1
लीला,1
सुनें.,1
कोंकणी,1
मत!,1
जिम्मेदारिया,1
तौलते,1
शनिवार:,1
चिल्लाओ,1
दो!,1
घड़ी,1
अनुरोध,1
श्रेणी:बौद्ध,1
वर्मांट,1
स्टेटमैंट,1
(1953),1
चेतावनी,1
छाया,1
खड़ा,1
(उल्लास),1
जुडी,1
8199,1
हालांकि,1
बावजूद,1
भावनाओं,1
सिल्वा,1
R,1
जैसन,1
देखो।,1
पॉलीयूरीथेन.,1
"लिखी,",1
"इससे,",1
(सूर:,1
अल,1
क़मर:17)‎,1
रिकॉर्डिंग,1
"यू.एस,",1
जैमिनीय-शाखा।,1
लेखक,1
उपविभाग,1
बीच.,1
२२२,1
अनियमित।,1
यंत्र,1
सुचना,1
अग्युमेंटेड,1
रेआलिटी,1
"कहानियाँ,",1
अनुनेय,1
कुंजीपटल,1
जैसी,1
बढ,1
वैसी,1
भरनी।,1
धुलीखेल,1
श्रेणी:१९७६,1
पद्म,1
भगिनी,1
उद्यम,1
कटौती,1
प्रयास,1
राजा?,1
देवता?,1
स्वरुप,1
पकाया।,1
प्रकाशक।,1
(इस्केपटिक),1
जानी,1
अनजानी,1
“Skeptic”,1
नाज़ुक,1
गंभीर,1
चाहिए.”,1
महराब,1
गले,1
भूत,1
सीड़ियों,1
निशा,1
निमंत्रण,1
(1938),1
"फ़िर,",1
असहाय,1
१५०,1
दोनों,1
दादी,1
बाटी,1
भरतपुर,1
व्यस्थ,1
साक्षातकार,1
रैंकिंग,1
CA:,1
पोलियो-से-थकान,1
खगोलज्ञ,1
"जोसेफ,",1
"मेरी,",1
इसा.,1
फैक्ट्री,1
"फोरमैन,",1
"बदला,",1
1शोर,1
चढ़ाना,1
साम्राज्यवाद,1
"उपनिवेशन,",1
नाल,1
घोड़े,1
हूँ.,1
बाराबांकी,1
पाठन,1
यूरोपीय,1
"ईसाई,",1
अतिरिक्त।,1
व्यसको,1
चूहे,1
बरफ़,1
Literature,1
“खेलना”,1
उत्तम,1
खाई,1
श्रेणी:स्वास्थ्य,1
रोटी,1
जानता,1
जोरदार,1
जोड़ी,1
दुःख,1
क्रिया,1
(अंग्रेजी,1
गीतांजलि,1
प्रेमचन्द,1
रचनाए,1
इराकी,1
नाते,1
जिमी,1
किमेल,1
दरअसल,1
विद्यालय,1
कान्सास,1
sanskrit,1
श्रेणी:हाल,1
दुरी,1
मिर्जापुर,1
बढ़ती,1
दशद्वार,1
(1965),1
"चाहिए,",1
रैखिक,1
चैनल,1
श्रेणी:प्रेमचंद,1
वसल्लम,1
अलैहि,1
सल्लल्लाहु,1
केलेन्डर,1
कार्डियक,1
PET,1
स्कैन,1
ढाँचा,1
करणीय,1
मुहम्मद,1
हजरत,1
हेलमेट,1
बाइक,1
ब्रह्माण्ड,1
ब्रह्माणडज्ञ,1
दिखता,1
संचित,1
सूखती।,1
औपचारिक,1
बच्ची,1
"किताबे,",1
[यह,1
प्रभावित,1
],1
3.,1
प्रस्तावित,1
विल्यम,1
कमक्वाम्बा:,1
शुक्रिया|,1
भाषाई,1
प्रमाण,1
धनसाक,1
होगी.,1
शीर्षक,1
पढ़ाई,1
ठाकरे,1
बक-बक,1
स्वादिष्ट.,1
चटपटा.,1
जाँच-पडताल,1
गलती,1
करें।,1
चलेगा,1
वन,1
कृषी,1
बोर,1
भाई,1
हाफ़िज़।,1
ख़ुदा,1
टेस्ट,1
देशबन्धु,1
कुपोषण,1
सिलसिला,1
गाम्बिया:,1
श्रेणी:नैऋत्य,1
सहमत,1
सलाखों.,1
छोले,1
भटूरे,1
कठिनाई,1
गाडी,1
भूरे,1
हल्के,1
नाचघर,1
सुनेगे,1
‎शिक्षा,1
है?-,1
मिलाप,1
से),1
महामयानगर,1
(हाथरस,1
टी,1
एस,1
वाल्मीकि,1
होता!,1
ई,1
वजहें,1
थीं,1
आपूर्ति,1
बी,1
"करदो,",1
प्लीज़।,1
दंत-स्वास्थ्य,1
चमत्कारिक,1
दण्डित,1
"कीट-पतंगे,",1
25,1
-हम,1
जनता,1
हैदराबाद,1
पीसी,1
हँसी,1
40,1
"रही,",1
बदतमीज़,1
तुम!,1
देखती,1
आसान,1
काया,1
दैवीयता,1
चित्रण,1
"कहने,",1
"बवंडर,",1
काश,1
स्पैनिश,1
बोल,1
हिन्दी_पेपर,1
अनुमति,1
4,1
क,1
ओडिया,1
परिपत्र,1
प्रक्षेपवक्र,1
डी-सलिनेशन,1
कलाकार,1
"वापसी,",1
(१३९९)-(१५१८),1
"कहें,",1
ख़ासतौर,1
भूमि-संपत्ति,1
"मिलकियत,",1
राष्ट्रवादी-अलगाववादी,1
"बेयस,",1
थोमस,1
रेवेरेंड,1
एकता,1
कोगनिटिव,1
न्यूरोसाइंस,1
निकल,1
सीड्रैगन,1
हल,1
स्कन्द,1
[वीडियो:,1
!],1
बकवास,1
महत्वपूर्ण,1
का.,1
जनसंख्या।,1
प्रदर्शित,1
विशिष्टता,1
भाग),1
(मन्त्र,1
नैषविल,1
बाल,1
हिस्सों,1
“निर्णायक,1
उमर,1
खय्याम,1
रुबाइयाँ,1
(1959),1
तरीका,1
फाउंडेशन,1
पटना,1
श्हर्स्टोन्,1
प्रोबेबिलिटी,1
थ्योरी,1
२७१,1
चट्टान,1
सीधी,1
लडाकू,1
पॄवत्तियों,1
मद्देनज़र।,1
आमने-सामने,1
नज़रिये,1
अनेक,1
कौपी,1
दिखाईए।,1
बेरोजगार,1
टेटू।,1
एक-कूल्हे,1
वाली,1
में.”,1
नकारात्मक,1
पहलू,1
त्याग,1
भले,1
Part-1,1
(Google,1
book),1
(संगीत),1
गुण,1
प्रायः,1
प्रतीचत,1
तृष्णा,1
होटल,1
पीढी,1
दर,1
पीढी।,1
गणना,1
बिल्कुल,1
"जन-स्वास्थ,",1
पुराना,1
चाहिए?,1
2000,1
पशुपतिनाथ,1
पक्ष),1
सकतीं,1
गंभीर-शिक्षा,1
(भारतीय,1
भी।,1
किन्तु,1
कर्मवाद,1
इंडियाना,1
अमेजॉन,1
आयतें,1
it's,1
entertainment,1
हँसते,1
असेंबली,1
फेंकना,1
पाय,1
ढोकला,1
देखा?,1
विकार्ता,1
बारी,1
वर्ष.”,1
घरेलू,1
खत्म,1
ऐक्टिविस्ट,1
थकाने,1
प्रसिद्ध,1
झांसी,1
योगदान,1
पढ़तें,1
पराग,1
अक्टूबर,1
२०१०,1
घुमक्कड़,1
भागलपुर,1
निपटाना,1
त्रुटि,1
गड़गड़ाहट),1
प्रेरक,1
पतला,1
"(44.7%),",1
(तालियोँ,1
मोज़े,1
उतारिए।,1
"आश्चर्यजनक,",1
करेंगे।,1
डेली,1
आचार्य,1
पुरू,1
ध्रुवी,1
मिली।,1
लम्बी,1
ज़िन्दगी,1
जी।,1
घटक,1
सुना,1
अलविदा,1
आयामी,1
"आज,",1
दुखद,1
"राजनेता,",1
गोश्त,1
रोई।,1
पार्किन्सन,1
जोड़,1
थोड़ी,1
देर,1
हिचकिचाया।,1
सैंकड़ों,1
"बच्चे,",1
स्थित,1
ययाति,1
"और,",1
“ठीक,1
नेता,1
ज्ञात.,1
तोहफ़े,1
आख़िरी,1
शर्त,1
"खेल,",1
दाढ़ी,1
लंदन,1
ढूंढ़,1
"मचुलातुम,",1
कम्,1
“आप,1
डट्,1
निरंतर,1
"भारत,",1
टी-टी,1
विजेता,1
जुटाते,1
नेपालन्युज्,1
डाटा-प्रबंधन,1
जिसमे,1
भई।”,1
प्रत्येक,1
ससद,1
कैरो,1
४-,1
धुंध,1
अस्तित्व,1
ओह,1
रहस्यवादी,1
सैली,1
विषयवस्तु,1
जितनी,1
अनुदानों,1
मध्यराज्य,1
बच,1
"सके,",1
थामे,1
रखें.,1
"ज्ञान,",1
"शक्ति,",1
"यहां,",1
बैठिये।,1
साक्षरता,1
अमृत,1
(इण्डोपेडिया),1
स्कार्लेट,1
अनुभवशील,1
"परिवार,",1
विकास;,1
उन्होने,1
कबहिं,1
बढैगी,1
चौटी?,1
"चीनी,",1
"इन्डोनीशियन,",1
"हिंदी,",1
"उर्दू,",1
तुर्की।,1
तुम्हे,1
मुझपर,1
शारीरिक,1
असमानताओं,1
अंधेकार,1
गिर,1
टेप,1
रीमिक्स,1
सेंट,1
डालते,1
दिवस,1
रामबाग,1
याददाश्त,1
मैया,1
बीतता,1
खंडपीठ,1
तेज़ी,1
"शांत,समन्वित",1
नागरिक,1
Unicodith),1
"समाज,",1
बधाई,1
ककानी,1
न्यूकैसल,1
मिलीसेकंड,1
शुद्धता,1
करीब,1
२५०,1
"रुपये,",1
नियमावली,1
विश्वहिन्दी,1
अवतार,1
बताओ,1
इथियोपिया,1
लाभांश,1
गयीं।,1
सेकन्ड,1
२४,1
फैजाबाद,1
कुरुनन्दन,1
GPS,1
सिकंदर,1
this,1
is,1
their,1
life.,1
सुनते,1
केलिफोर्निया,1
२.७९०,1
उलझा,1
आए?,1
वाल,1
पवित्रता,1
रखना,1
मैने,1
गाता,1
मालकिन,1
ख़त,1
विष्णु,1
स्वागतम्।,1
वैश्वीकृत,1
आहार,1
कबीरदास,1
"सोचा,",1
गतिविधियों,1
शंघाई,1
पिछला,1
बनाना,1
प्रजा,1
अर्थात:,1
नेवाडा,1
015,1
4033,1
उछलो.,1
अपौइंटमेंट,1
मिलेंगे,1
हस्तक्षेप,1
पर?,1
religious,1
book,1
रोगज़नक़,1
नीले,1
मंद,1
योग्य,1
लड़कपन,1
करेंगे.,1
सीखते,1
घूमती,1
बिना|,1
०,1
लिख,1
काण्ड,1
दंगे,1
परियोजनाएँ,1
जबकि,1
शारीरीक,1
किसे,1
अजीब,1
सी,1
धोओ।,1
धमकीयां,1
प्रति,1
किलोमीटर,1
ग्रसित,1
आपदायें।,1
केपलर,1
मिशन(Kepler,1
Mission),1
व्यवस्थाओं,1
कृतियाँ,1
शादी,1
होगी।,1
पूछें,1
(तालियां).,1
मानस-किष्किन्धा,1
खरीदीं।,1
फसाद,1
सकने,1
सफल,1
साथ?,1
इंग्लैण्ड,1
चहिए।,1
का?,1
बदकिस्मत,1
शक्सियत,1
1860,1
टीन,1
मूर्खों,1
आत्मकथात्मक,1
चीनी?,1
"रहेंगे,",1
वर्ण,1
पत्थर,1
स्तंभ,1
आइए,1
लिखता,1
मिलएं,1
रोज,1
पेनसिलें,1
व्याख्या'.,1
कुरसी,1
प्रश्नचिह्न,1
पूछ,1
एरिज़ोना,1
पैसों,1
"समाचार,",1
रुकावट,1
मानक,1
30,1
पहले।,1
हममें,1
समानताएं,1
घटनाओ,1
रचनाकार,1
बेआवाज़,1
सजग,1
भद्दे,1
मजाक,1
विस्कान्सिन,1
साइकोलोजिकल,1
मिसिसिपी,1
सवांद,1
स्त्रियाँ,1
लगने,1
लाखो,1
मार्गदर्शक,1
हजारो,1
बनिये,1
फ़्रान्स,1
पश्चिमी,1
महंगा,1
तमाम,1
सुपरहीरो,1
"बैटमैन,",1
निवास,1
"स्थल,",1
मर्म,1
स्वयं,1
"विकिपीडिया,",1
जानते।,1
मोटा,1
"गूगल,",1
अफ़्गानिस्तान,1
गये।,1
तथ्यात्मक,1
संपूर्ण,1
"“पापा,",1
करिए.”,1
"फिर,",1
कब्ज़ा,1
मूँह,1
१८५,1
प्लेटफार्म.,1
"बेशक,",1
जाति,1
मेज़,1
अल्पसंख्यक,1
२००७.,1
प्रतिरक्षा,1
सलोका,1
प्रतिबन्ध,1
(परिवारों),1
पता?,1
स्लो,1
टौक,1
उत्तरी,1
सांथ,1
संस्थान,1
अन्तरराष्ट्रीय,1
पायी।,1
उपभोक्ता,1
सर्वस्वा,1
महाराणा,1
प्रताप,1
दी-सलिनेशन,1
दर्पण,1
ज्योति,1
सांध्य,1
"खैर,",1
मैनें,1
खपाया।,1
ब्रिटिश,1
जामा,1
बढ़ना,1
अनिवार्य,1
देना|भाष्,1
जिसके,1
मिलियन,1
यूज़र,1
होंगे।,1
रहो,1
टेक्नोलाजी,1
कंपनियाँ,1
(14.2%),1
आयोजित,1
तरीके,1
मुसलाधार,1
सिन्धी,1
वर्ग,1
आशा,1
बोलते,1
कर।,1
कविता,1
दिखा?,1
अनुमान,1
लगाना।,1
धन्यवाद्|,1
हरा,1
गरीबी,1
स्मूना,1
फल,1
झ्शा,1
वोलुन्टर्य्,1
मिनेसोटा,1
अलीगढ,1
पेट,1
गुड़गुड़ा,1
मतिष्क,1
गतिविधि,1
मानचित्रण,1
"करेंगें,",1
"दृष्य,",1
"श्रव्य,",1
इरान),1
आऊंगा।,1
वेह,1
"तरफ़,",1
हॉस्पिटल,1
बनी,1
नमाज़,1
अदा,1
मुसलमान।,1
01524,1
838839,1
महाराष्ट्र,1
सुक्खा,1
हिमाली,1
सुंदरता,1
शौनक-शाखा,1
प्रतिक्रियाशील,1
सैन्य,1
कार्रवाई,1
श्रेणी:दक्षिण,1
आयेंगे,1
हा,1
संग्रहणीय,1
"मैमोरी,",1
"दृश्य,",1
लाइफ़स्प्रिंग,1
३२,1
नेब्रास्का,1
प्रसारण,1
फ़ेंक,1
लिपिकार,1
"अच्छा,",1
भारत.,1
मामूली,1
3776,1
दातों,1
गड्डा,1
भरना,1
जोशुवा,1
वाल्टर्स,1
फेक्सः,1
"०.६,",1
दीजिये,1
दुरबीन,1
तरफ़।,1
ब्यापारिक,1
दाना:,1
उम्मीदवार,1
चुना।,1
पियानो,1
बजाना,1
फेंकिए।,1
ठंड,1
कन्नौज,1
पेट्रोल,1
मोड़ो।,1
पेशेवर,1
यौवनारम्भ,1
कारक,1
72,1
हूरियाँ,1
आइंस्टाइन।,1
Ramrishna,1
Aggarwal),1
तौर,1
कान्तिपुर,1
अन्लाईन,1
उदाहरण:,1
मिसाल,1
Bridge),1
पुल(Brooklyn,1
रामगढ़,1
"कहानी,",1
कमजोर,1
मनहूसों,1
ब्रुकलिन,1
फीजी,1
कार्यशैली,1
लंका,1
इंग्लिश,1
की।\,1
किसको,1
शुक्रिया,1
दोस्तों,1
पनीर,1
सैंडविच।,1
समस्त,1
मनुष्यत्व,1
उदार,1
श्रेणी:जीवनी,1
"अक्सर,",1
ठण्डी,1
स्विट्ज़रलैंड,1
अधीनस्थ,1
इतनी,1
(ठहाके),1
राषट्रीय,1
संदेश.,1
लक्षित,1
व्यक्ति.,1
“इश.”,1
एक-दूसरे,1
4926,1
तमिळ,1
1364/,1
"कार्यान्वयन,",1
सांभर,1
ओ,1
कुदालसंगमेश्वर,1
600:00,1
बेघर,1
बतायेगा?,1
श्रेणी:अमरीकी,1
जुनून,1
ख़ूब!,1
हुँ,1
लेबनान,1
मुद्रण,1
(कार,1
इंजिन),1
अन्तर,1
"“सुनो,",1
बजा।,1
उत्तम!,1
ज़ुकाम,1
205,1
पुननिर्वेशन,1
तेल,1
"दिया,",1
छात्रवृत्ति,1
बहादुरी,1
राशिदून,1
खलीफा,1
गृहयुद्ध,1
जीतेंगे।,1
ये?”,1
छवि,1
(१४७७-१५४२),1
आए,1
गाँव,1
जायसी,1
२.६८०,1
मोहम्मद,1
मलिक,1
१०००००,1
(अभिनन्दन),1
व्यंजन,1
उछ्छंखल,1
१००००,1
चूहा,1
बांदा,1
विजयी,1
बोले,1
गुमनाम,1
कलश,1
हार्वे,1
कुशीनग,1
महासभा,1
खासगी,1
विचाराधीन,1
आदर|भाष्,1
डिक्शनरी,1
आश्रित,1
एम,1
पी,1
पोस्ट,1
जनगीता,1
जर्सी,1
आतंकित,1
चाहिए.,1
छतरियाँ,1
साथी,1
निदान,1
रचनात्मक,1
प्रदान,1
किरीट,1
संचालक,1
दूरसंचार,1
कम्प्यूटर,1
लियर,1
चलती,1
नमूना,1
किंग,1
को.,1
"बीतते-बीतते,",1
फिल्मोग्राफी,1
डालना,1
डालदो।,1
बिरयानी,1
ठहरिए।,1
चाहेंगे?,1
सिद्धान्त,1
संसदीय,1
मिठाई,1
मह्त्वपूर्ण,1
सुनिए:,1
पार्टी,1
कामयाब,1
अवसरों,1
मिलना,1
८,1
हवा,1
खानदानी,1
फ़ैक्स,1
मातृभूमि,1
0121,1
-212,1
4300,1
संस्कृति.,1
आलेख,1
लड़का,1
मलेरिया,1
चोरी,1
कमरा,1
दिखाया।,1
सांस्कृतियां,1
श्रेणी:पद्म,1
बैठिए।,1
स्वागत,1
श्रेणी:विश्वयुद्ध,1
खुल्ला,1
(1972),1
क्युकि,1
जरुरी,1
पुर्तगाल,1
बराबर,1
कसौटी,1
वाल्मीकि-रामायण,1
(रेडियो,1
मामले,1
समाज,1
सदस्य,1
श्रेणी:अकबर,1
चिह्न,1
(हर्षध्वनि),1
(पियानो),1
छवियाँ,1
आतंकवादी,1
समूहों,1
हिमालयके,1
तलेमे,1
खेती,1
सिविल,1
निवृत्ती,1
ष्M1,1
उनका.,1
गए?,1
पांचवें,1
प्रजातियाँ,1
भाप्पा,1
इलिश,1
अतिरंजित,1
आंदोलन,1
दूर।,1
आकर्षित,1
लिया।,1
हिसाब,1
अदालता,1
गोधूलि,1
ताज,1
भोपाल,1
क्षमा,1
इसी,1
स्थलाकृति.,1
टेलिफ़ोन,1
नंबर,1
कार्यपालिका,1
संघीय,1
खुला,1
(तालियों,1
अभिवादन),1
पौधा,1
शब्दकोश,1
पूर्वजों,1
महत्त्वाकांक्षाओं,1
प्रभावी,1
प्रतीक-चिह्न,1
Ask,1
कथन,1
सोख,1
"अवलोकन,",1
"लक्ष्य,",1
"मूल्य,",1
विधियाँ,1
"रहे,",1
नवरत्न,1
फ़र्रूख़ाबाद,1
दीवार,1
झुँको।,1
(सरहाना,1
हर्षध्वनि),1
कामसूत्र,1
डरे,1
रहेंगे।,1
बने?,1
पानीपत,1
१४,1
श्रेणी:कृष्णाश्रयी,1
बास्‍केटबॉल,1
देखता।,1
उचित,1
लेते,1
सम्पर्क,1
Jeeves,1
"हुआ,",1
प्रसन्नता,1
घोर,1
दुर्गति,1
कहानी.,1
मील,1
6000,1
बदलते,1
धुरियाँ,1
अविश्वसनीय!,1
धन्यवाद्.,1
दौड़ने,1
बुलबुले,1
फंस,1
स्तन,1
चिड़ियाँ,1
रोज़,1
बनातीं,1
स्थिर,1
अतीत,1
लडते,1
शासित,1
(1962),1
